MARY,SMITH,MARY.SMITH@sakilacustomer.org,1,2006-02-14 22:04:36,1,1913 Hanoi Way,Sasebo
PATRICIA,JOHNSON,PATRICIA.JOHNSON@sakilacustomer.org,1,2006-02-14 22:04:36,1,1121 Loja Avenue,San Bernardino
LINDA,WILLIAMS,LINDA.WILLIAMS@sakilacustomer.org,1,2006-02-14 22:04:36,1,692 Joliet Street,Athenai
BARBARA,JONES,BARBARA.JONES@sakilacustomer.org,1,2006-02-14 22:04:36,2,1566 Inegl Manor,Myingyan
ELIZABETH,BROWN,ELIZABETH.BROWN@sakilacustomer.org,1,2006-02-14 22:04:36,1,53 Idfu Parkway,Nantou
JENNIFER,DAVIS,JENNIFER.DAVIS@sakilacustomer.org,1,2006-02-14 22:04:36,2,1795 Santiago de Compostela Way,Laredo
MARIA,MILLER,MARIA.MILLER@sakilacustomer.org,1,2006-02-14 22:04:36,1,900 Santiago de Compostela Parkway,Kragujevac
SUSAN,WILSON,SUSAN.WILSON@sakilacustomer.org,1,2006-02-14 22:04:36,2,478 Joliet Way,Hamilton
MARGARET,MOORE,MARGARET.MOORE@sakilacustomer.org,1,2006-02-14 22:04:36,2,613 Korolev Drive,Masqat
DOROTHY,TAYLOR,DOROTHY.TAYLOR@sakilacustomer.org,1,2006-02-14 22:04:36,1,1531 Sal Drive,Esfahan
LISA,ANDERSON,LISA.ANDERSON@sakilacustomer.org,1,2006-02-14 22:04:36,2,1542 Tarlac Parkway,Sagamihara
NANCY,THOMAS,NANCY.THOMAS@sakilacustomer.org,1,2006-02-14 22:04:36,1,808 Bhopal Manor,Yamuna Nagar
KAREN,JACKSON,KAREN.JACKSON@sakilacustomer.org,1,2006-02-14 22:04:36,2,270 Amroha Parkway,Osmaniye
BETTY,WHITE,BETTY.WHITE@sakilacustomer.org,1,2006-02-14 22:04:36,2,770 Bydgoszcz Avenue,Citrus Heights
HELEN,HARRIS,HELEN.HARRIS@sakilacustomer.org,1,2006-02-14 22:04:36,1,419 Iligan Lane,Bhopal
SANDRA,MARTIN,SANDRA.MARTIN@sakilacustomer.org,0,2006-02-14 22:04:36,2,360 Toulouse Parkway,Southend-on-Sea
DONNA,THOMPSON,DONNA.THOMPSON@sakilacustomer.org,1,2006-02-14 22:04:36,1,270 Toulon Boulevard,Elista
CAROL,GARCIA,CAROL.GARCIA@sakilacustomer.org,1,2006-02-14 22:04:36,2,320 Brest Avenue,Kaduna
RUTH,MARTINEZ,RUTH.MARTINEZ@sakilacustomer.org,1,2006-02-14 22:04:36,1,1417 Lancaster Avenue,Kimberley
SHARON,ROBINSON,SHARON.ROBINSON@sakilacustomer.org,1,2006-02-14 22:04:36,2,1688 Okara Way,Mardan
MICHELLE,CLARK,MICHELLE.CLARK@sakilacustomer.org,1,2006-02-14 22:04:36,1,262 A Corua (La Corua) Parkway,Tangail
LAURA,RODRIGUEZ,LAURA.RODRIGUEZ@sakilacustomer.org,1,2006-02-14 22:04:36,1,28 Charlotte Amalie Street,Sal
SARAH,LEWIS,SARAH.LEWIS@sakilacustomer.org,1,2006-02-14 22:04:36,2,1780 Hino Boulevard,Liepaja
KIMBERLY,LEE,KIMBERLY.LEE@sakilacustomer.org,1,2006-02-14 22:04:36,2,96 Tafuna Way,Crdoba
DEBORAH,WALKER,DEBORAH.WALKER@sakilacustomer.org,1,2006-02-14 22:04:36,1,934 San Felipe de Puerto Plata Street,Shikarpur
JESSICA,HALL,JESSICA.HALL@sakilacustomer.org,1,2006-02-14 22:04:36,2,18 Duisburg Boulevard,Citt del Vaticano
SHIRLEY,ALLEN,SHIRLEY.ALLEN@sakilacustomer.org,1,2006-02-14 22:04:36,2,217 Botshabelo Place,Davao
CYNTHIA,YOUNG,CYNTHIA.YOUNG@sakilacustomer.org,1,2006-02-14 22:04:36,1,1425 Shikarpur Manor,Munger (Monghyr)
ANGELA,HERNANDEZ,ANGELA.HERNANDEZ@sakilacustomer.org,1,2006-02-14 22:04:36,2,786 Aurora Avenue,Shimonoseki
MELISSA,KING,MELISSA.KING@sakilacustomer.org,1,2006-02-14 22:04:36,1,1668 Anpolis Street,Lungtan
BRENDA,WRIGHT,BRENDA.WRIGHT@sakilacustomer.org,1,2006-02-14 22:04:36,2,33 Gorontalo Way,Kamarhati
AMY,LOPEZ,AMY.LOPEZ@sakilacustomer.org,1,2006-02-14 22:04:36,1,176 Mandaluyong Place,Jhansi
ANNA,HILL,ANNA.HILL@sakilacustomer.org,1,2006-02-14 22:04:36,2,127 Purnea (Purnia) Manor,Alessandria
REBECCA,SCOTT,REBECCA.SCOTT@sakilacustomer.org,1,2006-02-14 22:04:36,2,61 Tama Street,Kurashiki
VIRGINIA,GREEN,VIRGINIA.GREEN@sakilacustomer.org,1,2006-02-14 22:04:36,2,391 Callao Drive,Toulouse
KATHLEEN,ADAMS,KATHLEEN.ADAMS@sakilacustomer.org,1,2006-02-14 22:04:36,2,334 Munger (Monghyr) Lane,Arak
PAMELA,BAKER,PAMELA.BAKER@sakilacustomer.org,1,2006-02-14 22:04:36,1,1440 Fukuyama Loop,Nanyang
MARTHA,GONZALEZ,MARTHA.GONZALEZ@sakilacustomer.org,1,2006-02-14 22:04:36,1,269 Cam Ranh Parkway,Chisinau
DEBRA,NELSON,DEBRA.NELSON@sakilacustomer.org,1,2006-02-14 22:04:36,1,306 Antofagasta Place,Vila Velha
AMANDA,CARTER,AMANDA.CARTER@sakilacustomer.org,1,2006-02-14 22:04:36,2,671 Graz Street,Nador
STEPHANIE,MITCHELL,STEPHANIE.MITCHELL@sakilacustomer.org,1,2006-02-14 22:04:36,1,42 Brindisi Place,Yerevan
CAROLYN,PEREZ,CAROLYN.PEREZ@sakilacustomer.org,1,2006-02-14 22:04:36,2,1632 Bislig Avenue,Pak Kret
CHRISTINE,ROBERTS,CHRISTINE.ROBERTS@sakilacustomer.org,1,2006-02-14 22:04:36,2,1447 Imus Way,Faaa
MARIE,TURNER,MARIE.TURNER@sakilacustomer.org,1,2006-02-14 22:04:36,1,1998 Halifax Drive,Lipetsk
JANET,PHILLIPS,JANET.PHILLIPS@sakilacustomer.org,1,2006-02-14 22:04:36,1,1718 Valencia Street,Antofagasta
CATHERINE,CAMPBELL,CATHERINE.CAMPBELL@sakilacustomer.org,1,2006-02-14 22:04:36,2,46 Pjatigorsk Lane,Moscow
FRANCES,PARKER,FRANCES.PARKER@sakilacustomer.org,1,2006-02-14 22:04:36,1,686 Garland Manor,Juazeiro do Norte
ANN,EVANS,ANN.EVANS@sakilacustomer.org,1,2006-02-14 22:04:36,1,909 Garland Manor,Niznekamsk
JOYCE,EDWARDS,JOYCE.EDWARDS@sakilacustomer.org,1,2006-02-14 22:04:36,2,725 Isesaki Place,Jedda
DIANE,COLLINS,DIANE.COLLINS@sakilacustomer.org,1,2006-02-14 22:04:36,1,115 Hidalgo Parkway,Omdurman
ALICE,STEWART,ALICE.STEWART@sakilacustomer.org,1,2006-02-14 22:04:36,1,1135 Izumisano Parkway,Fontana
JULIE,SANCHEZ,JULIE.SANCHEZ@sakilacustomer.org,1,2006-02-14 22:04:36,1,939 Probolinggo Loop,A Corua (La Corua)
HEATHER,MORRIS,HEATHER.MORRIS@sakilacustomer.org,1,2006-02-14 22:04:36,1,17 Kabul Boulevard,Nagareyama
TERESA,ROGERS,TERESA.ROGERS@sakilacustomer.org,1,2006-02-14 22:04:36,1,1964 Allappuzha (Alleppey) Street,Iwakuni
DORIS,REED,DORIS.REED@sakilacustomer.org,1,2006-02-14 22:04:36,2,1697 Kowloon and New Kowloon Loop,Balaiha
GLORIA,COOK,GLORIA.COOK@sakilacustomer.org,1,2006-02-14 22:04:36,1,1668 Saint Louis Place,Papeete
EVELYN,MORGAN,EVELYN.MORGAN@sakilacustomer.org,1,2006-02-14 22:04:36,2,943 Tokat Street,Vaduz
JEAN,BELL,JEAN.BELL@sakilacustomer.org,1,2006-02-14 22:04:36,1,1114 Liepaja Street,Kuching
CHERYL,MURPHY,CHERYL.MURPHY@sakilacustomer.org,1,2006-02-14 22:04:36,1,1213 Ranchi Parkway,Mysore
MILDRED,BAILEY,MILDRED.BAILEY@sakilacustomer.org,1,2006-02-14 22:04:36,1,81 Hodeida Way,Jaipur
KATHERINE,RIVERA,KATHERINE.RIVERA@sakilacustomer.org,1,2006-02-14 22:04:36,2,915 Ponce Place,Basel
JOAN,COOPER,JOAN.COOPER@sakilacustomer.org,1,2006-02-14 22:04:36,1,1717 Guadalajara Lane,Saint Louis
ASHLEY,RICHARDSON,ASHLEY.RICHARDSON@sakilacustomer.org,1,2006-02-14 22:04:36,1,1214 Hanoi Way,Lincoln
JUDITH,COX,JUDITH.COX@sakilacustomer.org,0,2006-02-14 22:04:36,2,1966 Amroha Avenue,Daxian
ROSE,HOWARD,ROSE.HOWARD@sakilacustomer.org,1,2006-02-14 22:04:36,2,698 Otsu Street,Cayenne
JANICE,WARD,JANICE.WARD@sakilacustomer.org,1,2006-02-14 22:04:36,2,1150 Kimchon Manor,Malm
KELLY,TORRES,KELLY.TORRES@sakilacustomer.org,1,2006-02-14 22:04:36,1,1586 Guaruj Place,Xiangtan
NICOLE,PETERSON,NICOLE.PETERSON@sakilacustomer.org,1,2006-02-14 22:04:36,1,57 Arlington Manor,Shivapuri
JUDY,GRAY,JUDY.GRAY@sakilacustomer.org,1,2006-02-14 22:04:36,2,1031 Daugavpils Parkway,Bchar
CHRISTINA,RAMIREZ,CHRISTINA.RAMIREZ@sakilacustomer.org,1,2006-02-14 22:04:36,2,1124 Buenaventura Drive,al-Hawiya
KATHY,JAMES,KATHY.JAMES@sakilacustomer.org,1,2006-02-14 22:04:36,1,492 Cam Ranh Street,Baybay
THERESA,WATSON,THERESA.WATSON@sakilacustomer.org,1,2006-02-14 22:04:36,2,89 Allappuzha (Alleppey) Manor,Taguig
BEVERLY,BROOKS,BEVERLY.BROOKS@sakilacustomer.org,1,2006-02-14 22:04:36,2,1947 Poos de Caldas Boulevard,Chiayi
DENISE,KELLY,DENISE.KELLY@sakilacustomer.org,1,2006-02-14 22:04:36,1,1206 Dos Quebradas Place,Rio Claro
TAMMY,SANDERS,TAMMY.SANDERS@sakilacustomer.org,1,2006-02-14 22:04:36,2,1551 Rampur Lane,Changhwa
IRENE,PRICE,IRENE.PRICE@sakilacustomer.org,1,2006-02-14 22:04:36,2,602 Paarl Street,Pavlodar
JANE,BENNETT,JANE.BENNETT@sakilacustomer.org,1,2006-02-14 22:04:36,2,1692 Ede Loop,Araatuba
LORI,WOOD,LORI.WOOD@sakilacustomer.org,1,2006-02-14 22:04:36,1,936 Salzburg Lane,Rae Bareli
RACHEL,BARNES,RACHEL.BARNES@sakilacustomer.org,1,2006-02-14 22:04:36,1,586 Tete Way,Kamakura
MARILYN,ROSS,MARILYN.ROSS@sakilacustomer.org,1,2006-02-14 22:04:36,1,1888 Kabul Drive,Ife
ANDREA,HENDERSON,ANDREA.HENDERSON@sakilacustomer.org,1,2006-02-14 22:04:36,1,320 Baiyin Parkway,Mahajanga
KATHRYN,COLEMAN,KATHRYN.COLEMAN@sakilacustomer.org,1,2006-02-14 22:04:36,1,927 Baha Blanca Parkway,Simferopol
LOUISE,JENKINS,LOUISE.JENKINS@sakilacustomer.org,1,2006-02-14 22:04:36,1,929 Tallahassee Loop,Springs
SARA,PERRY,SARA.PERRY@sakilacustomer.org,1,2006-02-14 22:04:36,2,125 Citt del Vaticano Boulevard,Atlixco
ANNE,POWELL,ANNE.POWELL@sakilacustomer.org,1,2006-02-14 22:04:36,2,1557 Ktahya Boulevard,Bradford
JACQUELINE,LONG,JACQUELINE.LONG@sakilacustomer.org,1,2006-02-14 22:04:36,2,870 Ashqelon Loop,Songkhla
WANDA,PATTERSON,WANDA.PATTERSON@sakilacustomer.org,1,2006-02-14 22:04:36,1,1740 Portoviejo Avenue,Sincelejo
BONNIE,HUGHES,BONNIE.HUGHES@sakilacustomer.org,1,2006-02-14 22:04:36,2,1942 Ciparay Parkway,Cheju
JULIA,FLORES,JULIA.FLORES@sakilacustomer.org,1,2006-02-14 22:04:36,1,1926 El Alto Avenue,La Plata
RUBY,WASHINGTON,RUBY.WASHINGTON@sakilacustomer.org,1,2006-02-14 22:04:36,2,1952 Chatsworth Drive,Meixian
LOIS,BUTLER,LOIS.BUTLER@sakilacustomer.org,1,2006-02-14 22:04:36,2,1370 Le Mans Avenue,Bandar Seri Begawan
TINA,SIMMONS,TINA.SIMMONS@sakilacustomer.org,1,2006-02-14 22:04:36,2,984 Effon-Alaiye Avenue,Goinia
PHYLLIS,FOSTER,PHYLLIS.FOSTER@sakilacustomer.org,1,2006-02-14 22:04:36,1,832 Nakhon Sawan Manor,Zalantun
NORMA,GONZALES,NORMA.GONZALES@sakilacustomer.org,1,2006-02-14 22:04:36,1,152 Kitwe Parkway,Bislig
PAULA,BRYANT,PAULA.BRYANT@sakilacustomer.org,1,2006-02-14 22:04:36,2,1697 Tanauan Lane,Pathankot
DIANA,ALEXANDER,DIANA.ALEXANDER@sakilacustomer.org,1,2006-02-14 22:04:36,1,1308 Arecibo Way,Augusta-Richmond County
ANNIE,RUSSELL,ANNIE.RUSSELL@sakilacustomer.org,1,2006-02-14 22:04:36,2,1599 Plock Drive,Tete
LILLIAN,GRIFFIN,LILLIAN.GRIFFIN@sakilacustomer.org,1,2006-02-14 22:04:36,1,669 Firozabad Loop,al-Ayn
EMILY,DIAZ,EMILY.DIAZ@sakilacustomer.org,1,2006-02-14 22:04:36,2,588 Vila Velha Manor,Kimchon
ROBIN,HAYES,ROBIN.HAYES@sakilacustomer.org,1,2006-02-14 22:04:36,1,1913 Kamakura Place,Jelets
PEGGY,MYERS,PEGGY.MYERS@sakilacustomer.org,1,2006-02-14 22:04:36,1,733 Mandaluyong Place,Abha
CRYSTAL,FORD,CRYSTAL.FORD@sakilacustomer.org,1,2006-02-14 22:04:36,1,659 Vaduz Drive,Ashdod
GLADYS,HAMILTON,GLADYS.HAMILTON@sakilacustomer.org,1,2006-02-14 22:04:36,1,1177 Jelets Way,Ilorin
RITA,GRAHAM,RITA.GRAHAM@sakilacustomer.org,1,2006-02-14 22:04:36,1,1386 Yangor Avenue,Toulon
DAWN,SULLIVAN,DAWN.SULLIVAN@sakilacustomer.org,1,2006-02-14 22:04:36,1,454 Nakhon Sawan Boulevard,Funafuti
CONNIE,WALLACE,CONNIE.WALLACE@sakilacustomer.org,1,2006-02-14 22:04:36,1,1867 San Juan Bautista Tuxtepec Avenue,Ivanovo
FLORENCE,WOODS,FLORENCE.WOODS@sakilacustomer.org,1,2006-02-14 22:04:36,1,1532 Dzerzinsk Way,Merlo
TRACY,COLE,TRACY.COLE@sakilacustomer.org,1,2006-02-14 22:04:36,1,1002 Ahmadnagar Manor,Huixquilucan
EDNA,WEST,EDNA.WEST@sakilacustomer.org,1,2006-02-14 22:04:36,2,682 Junan Way,Klerksdorp
TIFFANY,JORDAN,TIFFANY.JORDAN@sakilacustomer.org,1,2006-02-14 22:04:36,2,804 Elista Drive,Enshi
CARMEN,OWENS,CARMEN.OWENS@sakilacustomer.org,1,2006-02-14 22:04:36,1,1378 Alvorada Avenue,Caracas
ROSA,REYNOLDS,ROSA.REYNOLDS@sakilacustomer.org,1,2006-02-14 22:04:36,2,793 Cam Ranh Avenue,Lancaster
CINDY,FISHER,CINDY.FISHER@sakilacustomer.org,1,2006-02-14 22:04:36,2,1079 Tel Aviv-Jaffa Boulevard,Cuman
GRACE,ELLIS,GRACE.ELLIS@sakilacustomer.org,1,2006-02-14 22:04:36,2,442 Rae Bareli Place,Duisburg
WENDY,HARRISON,WENDY.HARRISON@sakilacustomer.org,1,2006-02-14 22:04:36,1,1107 Nakhon Sawan Avenue,Nezahualcyotl
VICTORIA,GIBSON,VICTORIA.GIBSON@sakilacustomer.org,1,2006-02-14 22:04:36,1,544 Malm Parkway,Pemalang
EDITH,MCDONALD,EDITH.MCDONALD@sakilacustomer.org,1,2006-02-14 22:04:36,1,1967 Sincelejo Place,Gandhinagar
KIM,CRUZ,KIM.CRUZ@sakilacustomer.org,1,2006-02-14 22:04:36,1,333 Goinia Way,Grand Prairie
SHERRY,MARSHALL,SHERRY.MARSHALL@sakilacustomer.org,1,2006-02-14 22:04:36,1,1987 Coacalco de Berriozbal Loop,Shubra al-Khayma
SYLVIA,ORTIZ,SYLVIA.ORTIZ@sakilacustomer.org,1,2006-02-14 22:04:36,2,241 Mosul Lane,Dos Quebradas
JOSEPHINE,GOMEZ,JOSEPHINE.GOMEZ@sakilacustomer.org,1,2006-02-14 22:04:36,1,211 Chiayi Drive,Etawah
THELMA,MURRAY,THELMA.MURRAY@sakilacustomer.org,1,2006-02-14 22:04:36,1,1175 Tanauan Way,Lima
SHANNON,FREEMAN,SHANNON.FREEMAN@sakilacustomer.org,1,2006-02-14 22:04:36,2,117 Boa Vista Way,Varanasi (Benares)
SHEILA,WELLS,SHEILA.WELLS@sakilacustomer.org,0,2006-02-14 22:04:36,1,848 Tafuna Manor,Ktahya
ETHEL,WEBB,ETHEL.WEBB@sakilacustomer.org,1,2006-02-14 22:04:36,1,569 Baicheng Lane,Boksburg
ELLEN,SIMPSON,ELLEN.SIMPSON@sakilacustomer.org,1,2006-02-14 22:04:36,1,1666 Qomsheh Drive,Po
ELAINE,STEVENS,ELAINE.STEVENS@sakilacustomer.org,1,2006-02-14 22:04:36,2,801 Hagonoy Drive,Smolensk
MARJORIE,TUCKER,MARJORIE.TUCKER@sakilacustomer.org,1,2006-02-14 22:04:36,1,1050 Garden Grove Avenue,Jastrzebie-Zdrj
CARRIE,PORTER,CARRIE.PORTER@sakilacustomer.org,1,2006-02-14 22:04:36,1,1854 Tieli Street,Liaocheng
CHARLOTTE,HUNTER,CHARLOTTE.HUNTER@sakilacustomer.org,1,2006-02-14 22:04:36,1,758 Junan Lane,guas Lindas de Gois
MONICA,HICKS,MONICA.HICKS@sakilacustomer.org,1,2006-02-14 22:04:36,2,1752 So Leopoldo Parkway,Mukateve
ESTHER,CRAWFORD,ESTHER.CRAWFORD@sakilacustomer.org,1,2006-02-14 22:04:36,2,898 Belm Manor,Botshabelo
PAULINE,HENRY,PAULINE.HENRY@sakilacustomer.org,1,2006-02-14 22:04:36,1,261 Saint Louis Way,Torren
EMMA,BOYD,EMMA.BOYD@sakilacustomer.org,1,2006-02-14 22:04:36,1,765 Southampton Drive,Qalyub
JUANITA,MASON,JUANITA.MASON@sakilacustomer.org,1,2006-02-14 22:04:36,2,943 Johannesburg Avenue,Pune
ANITA,MORALES,ANITA.MORALES@sakilacustomer.org,1,2006-02-14 22:04:36,2,788 Atinsk Street,Hubli-Dharwad
RHONDA,KENNEDY,RHONDA.KENNEDY@sakilacustomer.org,1,2006-02-14 22:04:36,2,1749 Daxian Place,Apeldoorn
HAZEL,WARREN,HAZEL.WARREN@sakilacustomer.org,1,2006-02-14 22:04:36,1,1587 Sullana Lane,Hohhot
AMBER,DIXON,AMBER.DIXON@sakilacustomer.org,1,2006-02-14 22:04:36,1,1029 Dzerzinsk Manor,Touliu
EVA,RAMOS,EVA.RAMOS@sakilacustomer.org,1,2006-02-14 22:04:36,1,1666 Beni-Mellal Place,Clarksville
DEBBIE,REYES,DEBBIE.REYES@sakilacustomer.org,1,2006-02-14 22:04:36,1,928 Jaffna Loop,Fukuyama
APRIL,BURNS,APRIL.BURNS@sakilacustomer.org,1,2006-02-14 22:04:36,1,483 Ljubertsy Parkway,Dundee
LESLIE,GORDON,LESLIE.GORDON@sakilacustomer.org,1,2006-02-14 22:04:36,1,374 Bat Yam Boulevard,Kilis
CLARA,SHAW,CLARA.SHAW@sakilacustomer.org,1,2006-02-14 22:04:36,1,1027 Songkhla Manor,Molodetno
LUCILLE,HOLMES,LUCILLE.HOLMES@sakilacustomer.org,1,2006-02-14 22:04:36,1,999 Sanaa Loop,Soshanguve
JAMIE,RICE,JAMIE.RICE@sakilacustomer.org,1,2006-02-14 22:04:36,1,879 Newcastle Way,Sterling Heights
JOANNE,ROBERTSON,JOANNE.ROBERTSON@sakilacustomer.org,1,2006-02-14 22:04:36,2,1337 Lincoln Parkway,Urawa
ELEANOR,HUNT,ELEANOR.HUNT@sakilacustomer.org,1,2006-02-14 22:04:36,1,1952 Pune Lane,Saint-Denis
VALERIE,BLACK,VALERIE.BLACK@sakilacustomer.org,1,2006-02-14 22:04:36,1,782 Mosul Street,Brockton
DANIELLE,DANIELS,DANIELLE.DANIELS@sakilacustomer.org,1,2006-02-14 22:04:36,2,781 Shimonoseki Drive,Hidalgo
MEGAN,PALMER,MEGAN.PALMER@sakilacustomer.org,1,2006-02-14 22:04:36,2,1560 Jelets Boulevard,Laiwu
ALICIA,MILLS,ALICIA.MILLS@sakilacustomer.org,1,2006-02-14 22:04:36,1,1963 Moscow Place,Nagaon
SUZANNE,NICHOLS,SUZANNE.NICHOLS@sakilacustomer.org,1,2006-02-14 22:04:36,2,456 Escobar Way,Jakarta
MICHELE,GRANT,MICHELE.GRANT@sakilacustomer.org,1,2006-02-14 22:04:36,2,798 Cianjur Avenue,Yuncheng
GAIL,KNIGHT,GAIL.KNIGHT@sakilacustomer.org,1,2006-02-14 22:04:36,1,185 Novi Sad Place,Bern
BERTHA,FERGUSON,BERTHA.FERGUSON@sakilacustomer.org,1,2006-02-14 22:04:36,1,1367 Yantai Manor,Ondo
DARLENE,ROSE,DARLENE.ROSE@sakilacustomer.org,1,2006-02-14 22:04:36,2,1386 Nakhon Sawan Boulevard,Pyongyang
VERONICA,STONE,VERONICA.STONE@sakilacustomer.org,1,2006-02-14 22:04:36,1,369 Papeete Way,Greensboro
JILL,HAWKINS,JILL.HAWKINS@sakilacustomer.org,1,2006-02-14 22:04:36,1,1440 Compton Place,Linz
ERIN,DUNN,ERIN.DUNN@sakilacustomer.org,1,2006-02-14 22:04:36,2,1623 Baha Blanca Manor,Ljubertsy
GERALDINE,PERKINS,GERALDINE.PERKINS@sakilacustomer.org,1,2006-02-14 22:04:36,1,97 Shimoga Avenue,Tel Aviv-Jaffa
LAUREN,HUDSON,LAUREN.HUDSON@sakilacustomer.org,1,2006-02-14 22:04:36,2,1740 Le Mans Loop,Le Mans
CATHY,SPENCER,CATHY.SPENCER@sakilacustomer.org,1,2006-02-14 22:04:36,1,1287 Xiangfan Boulevard,Kakamigahara
JOANN,GARDNER,JOANN.GARDNER@sakilacustomer.org,1,2006-02-14 22:04:36,2,842 Salzburg Lane,Tarsus
LORRAINE,STEPHENS,LORRAINE.STEPHENS@sakilacustomer.org,1,2006-02-14 22:04:36,2,154 Tallahassee Loop,Hami
LYNN,PAYNE,LYNN.PAYNE@sakilacustomer.org,1,2006-02-14 22:04:36,1,710 San Felipe del Progreso Avenue,Lilongwe
SALLY,PIERCE,SALLY.PIERCE@sakilacustomer.org,1,2006-02-14 22:04:36,2,1540 Wroclaw Drive,Chandrapur
REGINA,BERRY,REGINA.BERRY@sakilacustomer.org,1,2006-02-14 22:04:36,1,475 Atinsk Way,Jinchang
ERICA,MATTHEWS,ERICA.MATTHEWS@sakilacustomer.org,0,2006-02-14 22:04:36,2,1294 Firozabad Drive,Pingxiang
BEATRICE,ARNOLD,BEATRICE.ARNOLD@sakilacustomer.org,1,2006-02-14 22:04:36,1,1877 Ezhou Lane,Udaipur
DOLORES,WAGNER,DOLORES.WAGNER@sakilacustomer.org,1,2006-02-14 22:04:36,2,316 Uruapan Street,Ipoh
BERNICE,WILLIS,BERNICE.WILLIS@sakilacustomer.org,1,2006-02-14 22:04:36,1,29 Pyongyang Loop,Batman
AUDREY,RAY,AUDREY.RAY@sakilacustomer.org,1,2006-02-14 22:04:36,1,1010 Klerksdorp Way,Graz
YVONNE,WATKINS,YVONNE.WATKINS@sakilacustomer.org,1,2006-02-14 22:04:36,2,1848 Salala Boulevard,Ocumare del Tuy
ANNETTE,OLSON,ANNETTE.OLSON@sakilacustomer.org,1,2006-02-14 22:04:36,1,431 Xiangtan Avenue,Allappuzha (Alleppey)
JUNE,CARROLL,JUNE.CARROLL@sakilacustomer.org,1,2006-02-14 22:04:36,1,757 Rustenburg Avenue,Skikda
SAMANTHA,DUNCAN,SAMANTHA.DUNCAN@sakilacustomer.org,1,2006-02-14 22:04:36,2,146 Johannesburg Way,Matamoros
MARION,SNYDER,MARION.SNYDER@sakilacustomer.org,1,2006-02-14 22:04:36,2,1891 Rizhao Boulevard,Santa Brbara dOeste
DANA,HART,DANA.HART@sakilacustomer.org,1,2006-02-14 22:04:36,1,1089 Iwatsuki Avenue,Kirovo-Tepetsk
STACY,CUNNINGHAM,STACY.CUNNINGHAM@sakilacustomer.org,1,2006-02-14 22:04:36,2,1410 Benin City Parkway,Pereira
ANA,BRADLEY,ANA.BRADLEY@sakilacustomer.org,1,2006-02-14 22:04:36,2,682 Garden Grove Place,Memphis
RENEE,LANE,RENEE.LANE@sakilacustomer.org,1,2006-02-14 22:04:36,1,533 al-Ayn Boulevard,Compton
IDA,ANDREWS,IDA.ANDREWS@sakilacustomer.org,1,2006-02-14 22:04:36,2,1839 Szkesfehrvr Parkway,Luzinia
VIVIAN,RUIZ,VIVIAN.RUIZ@sakilacustomer.org,1,2006-02-14 22:04:36,1,741 Ambattur Manor,s-Hertogenbosch
ROBERTA,HARPER,ROBERTA.HARPER@sakilacustomer.org,1,2006-02-14 22:04:36,1,927 Barcelona Street,Shahr-e Kord
HOLLY,FOX,HOLLY.FOX@sakilacustomer.org,1,2006-02-14 22:04:36,2,435 0 Way,Haldia
BRITTANY,RILEY,BRITTANY.RILEY@sakilacustomer.org,1,2006-02-14 22:04:36,2,140 Chiayi Parkway,Sumy
MELANIE,ARMSTRONG,MELANIE.ARMSTRONG@sakilacustomer.org,1,2006-02-14 22:04:36,1,1166 Changhwa Street,Bayugan
LORETTA,CARPENTER,LORETTA.CARPENTER@sakilacustomer.org,1,2006-02-14 22:04:36,1,891 Novi Sad Manor,Oshawa
YOLANDA,WEAVER,YOLANDA.WEAVER@sakilacustomer.org,1,2006-02-14 22:04:36,2,605 Rio Claro Parkway,Tabora
JEANETTE,GREENE,JEANETTE.GREENE@sakilacustomer.org,1,2006-02-14 22:04:36,1,1077 San Felipe de Puerto Plata Place,Novoterkassk
LAURIE,LAWRENCE,LAURIE.LAWRENCE@sakilacustomer.org,1,2006-02-14 22:04:36,1,9 San Miguel de Tucumn Manor,Firozabad
KATIE,ELLIOTT,KATIE.ELLIOTT@sakilacustomer.org,1,2006-02-14 22:04:36,2,447 Surakarta Loop,Kisumu
KRISTEN,CHAVEZ,KRISTEN.CHAVEZ@sakilacustomer.org,1,2006-02-14 22:04:36,2,345 Oshawa Boulevard,Hino
VANESSA,SIMS,VANESSA.SIMS@sakilacustomer.org,1,2006-02-14 22:04:36,1,1792 Valle de la Pascua Place,Siegen
ALMA,AUSTIN,ALMA.AUSTIN@sakilacustomer.org,1,2006-02-14 22:04:36,1,1074 Binzhou Manor,Mannheim
SUE,PETERS,SUE.PETERS@sakilacustomer.org,1,2006-02-14 22:04:36,2,817 Bradford Loop,Changzhou
ELSIE,KELLEY,ELSIE.KELLEY@sakilacustomer.org,1,2006-02-14 22:04:36,2,955 Bamenda Way,Ikerre
BETH,FRANKLIN,BETH.FRANKLIN@sakilacustomer.org,1,2006-02-14 22:04:36,2,1149 A Corua (La Corua) Boulevard,Haiphong
JEANNE,LAWSON,JEANNE.LAWSON@sakilacustomer.org,1,2006-02-14 22:04:36,2,387 Mwene-Ditu Drive,Ashgabat
VICKI,FIELDS,VICKI.FIELDS@sakilacustomer.org,1,2006-02-14 22:04:36,1,68 Molodetno Manor,Witten
CARLA,GUTIERREZ,CARLA.GUTIERREZ@sakilacustomer.org,1,2006-02-14 22:04:36,2,642 Nador Drive,Bhusawal
TARA,RYAN,TARA.RYAN@sakilacustomer.org,1,2006-02-14 22:04:36,1,1688 Nador Lane,Gorontalo
ROSEMARY,SCHMIDT,ROSEMARY.SCHMIDT@sakilacustomer.org,1,2006-02-14 22:04:36,1,1215 Pyongyang Parkway,Usak
EILEEN,CARR,EILEEN.CARR@sakilacustomer.org,1,2006-02-14 22:04:36,2,1679 Antofagasta Street,Ciudad del Este
TERRI,VASQUEZ,TERRI.VASQUEZ@sakilacustomer.org,1,2006-02-14 22:04:36,1,1304 s-Hertogenbosch Way,Blumenau
GERTRUDE,CASTILLO,GERTRUDE.CASTILLO@sakilacustomer.org,1,2006-02-14 22:04:36,1,850 Salala Loop,Nuuk
LUCY,WHEELER,LUCY.WHEELER@sakilacustomer.org,1,2006-02-14 22:04:36,1,624 Oshawa Boulevard,Balurghat
TONYA,CHAPMAN,TONYA.CHAPMAN@sakilacustomer.org,1,2006-02-14 22:04:36,2,43 Dadu Avenue,Bhilwara
ELLA,OLIVER,ELLA.OLIVER@sakilacustomer.org,1,2006-02-14 22:04:36,2,751 Lima Loop,Aden
STACEY,MONTGOMERY,STACEY.MONTGOMERY@sakilacustomer.org,1,2006-02-14 22:04:36,1,1333 Haldia Street,Fuyu
WILMA,RICHARDS,WILMA.RICHARDS@sakilacustomer.org,1,2006-02-14 22:04:36,2,660 Jedda Boulevard,Bellevue
GINA,WILLIAMSON,GINA.WILLIAMSON@sakilacustomer.org,1,2006-02-14 22:04:36,1,1001 Miyakonojo Lane,Taizz
KRISTIN,JOHNSTON,KRISTIN.JOHNSTON@sakilacustomer.org,1,2006-02-14 22:04:36,1,226 Brest Manor,Sunnyvale
JESSIE,BANKS,JESSIE.BANKS@sakilacustomer.org,1,2006-02-14 22:04:36,2,1229 Valencia Parkway,Stara Zagora
NATALIE,MEYER,NATALIE.MEYER@sakilacustomer.org,1,2006-02-14 22:04:36,1,1201 Qomsheh Manor,Aparecida de Goinia
AGNES,BISHOP,AGNES.BISHOP@sakilacustomer.org,1,2006-02-14 22:04:36,2,866 Shivapuri Manor,Sambhal
VERA,MCCOY,VERA.MCCOY@sakilacustomer.org,1,2006-02-14 22:04:36,1,1168 Najafabad Parkway,Kabul
WILLIE,HOWELL,WILLIE.HOWELL@sakilacustomer.org,1,2006-02-14 22:04:36,2,1244 Allappuzha (Alleppey) Place,Vicente Lpez
CHARLENE,ALVAREZ,CHARLENE.ALVAREZ@sakilacustomer.org,1,2006-02-14 22:04:36,2,1842 Luzinia Boulevard,Zanzibar
BESSIE,MORRISON,BESSIE.MORRISON@sakilacustomer.org,1,2006-02-14 22:04:36,1,1926 Gingoog Street,Syrakusa
DELORES,HANSEN,DELORES.HANSEN@sakilacustomer.org,1,2006-02-14 22:04:36,2,810 Palghat (Palakkad) Boulevard,Jaroslavl
MELINDA,FERNANDEZ,MELINDA.FERNANDEZ@sakilacustomer.org,1,2006-02-14 22:04:36,1,1820 Maring Parkway,Mandi Bahauddin
PEARL,GARZA,PEARL.GARZA@sakilacustomer.org,1,2006-02-14 22:04:36,2,60 Poos de Caldas Street,Jodhpur
ARLENE,HARVEY,ARLENE.HARVEY@sakilacustomer.org,1,2006-02-14 22:04:36,1,1014 Loja Manor,Ambattur
MAUREEN,LITTLE,MAUREEN.LITTLE@sakilacustomer.org,1,2006-02-14 22:04:36,2,201 Effon-Alaiye Way,Asuncin
COLLEEN,BURTON,COLLEEN.BURTON@sakilacustomer.org,1,2006-02-14 22:04:36,1,430 Alessandria Loop,Saarbrcken
ALLISON,STANLEY,ALLISON.STANLEY@sakilacustomer.org,1,2006-02-14 22:04:36,2,754 Valencia Place,Phnom Penh
TAMARA,NGUYEN,TAMARA.NGUYEN@sakilacustomer.org,1,2006-02-14 22:04:36,1,356 Olomouc Manor,Anpolis
JOY,GEORGE,JOY.GEORGE@sakilacustomer.org,1,2006-02-14 22:04:36,2,1256 Bislig Boulevard,Botosani
GEORGIA,JACOBS,GEORGIA.JACOBS@sakilacustomer.org,1,2006-02-14 22:04:36,1,954 Kimchon Place,Uttarpara-Kotrung
CONSTANCE,REID,CONSTANCE.REID@sakilacustomer.org,1,2006-02-14 22:04:36,2,885 Yingkou Manor,Zaria
LILLIE,KIM,LILLIE.KIM@sakilacustomer.org,1,2006-02-14 22:04:36,2,1736 Cavite Place,Idfu
CLAUDIA,FULLER,CLAUDIA.FULLER@sakilacustomer.org,1,2006-02-14 22:04:36,1,346 Skikda Parkway,Jalib al-Shuyukh
JACKIE,LYNCH,JACKIE.LYNCH@sakilacustomer.org,1,2006-02-14 22:04:36,1,98 Stara Zagora Boulevard,Buenaventura
MARCIA,DEAN,MARCIA.DEAN@sakilacustomer.org,1,2006-02-14 22:04:36,1,1479 Rustenburg Boulevard,Tanza
TANYA,GILBERT,TANYA.GILBERT@sakilacustomer.org,1,2006-02-14 22:04:36,1,647 A Corua (La Corua) Street,Naju
NELLIE,GARRETT,NELLIE.GARRETT@sakilacustomer.org,1,2006-02-14 22:04:36,1,1964 Gijn Manor,Shimoga
MINNIE,ROMERO,MINNIE.ROMERO@sakilacustomer.org,1,2006-02-14 22:04:36,2,47 Syktyvkar Lane,Ciomas
MARLENE,WELCH,MARLENE.WELCH@sakilacustomer.org,1,2006-02-14 22:04:36,1,1148 Saarbrcken Parkway,Iwaki
HEIDI,LARSON,HEIDI.LARSON@sakilacustomer.org,0,2006-02-14 22:04:36,2,1103 Bilbays Parkway,Xiangfan
GLENDA,FRAZIER,GLENDA.FRAZIER@sakilacustomer.org,1,2006-02-14 22:04:36,1,1246 Boksburg Parkway,Qinhuangdao
LYDIA,BURKE,LYDIA.BURKE@sakilacustomer.org,1,2006-02-14 22:04:36,1,1483 Pathankot Street,San Miguel de Tucumn
VIOLA,HANSON,VIOLA.HANSON@sakilacustomer.org,1,2006-02-14 22:04:36,2,582 Papeete Loop,Lapu-Lapu
COURTNEY,DAY,COURTNEY.DAY@sakilacustomer.org,1,2006-02-14 22:04:36,1,300 Junan Street,Uijongbu
MARIAN,MENDOZA,MARIAN.MENDOZA@sakilacustomer.org,1,2006-02-14 22:04:36,1,829 Grand Prairie Way,Maring
STELLA,MORENO,STELLA.MORENO@sakilacustomer.org,1,2006-02-14 22:04:36,1,1473 Changhwa Parkway,Coacalco de Berriozbal
CAROLINE,BOWMAN,CAROLINE.BOWMAN@sakilacustomer.org,1,2006-02-14 22:04:36,1,1309 Weifang Street,Tallahassee
DORA,MEDINA,DORA.MEDINA@sakilacustomer.org,1,2006-02-14 22:04:36,2,1760 Oshawa Manor,Tianjin
JO,FOWLER,JO.FOWLER@sakilacustomer.org,1,2006-02-14 22:04:36,2,786 Stara Zagora Way,Oyo
VICKIE,BREWER,VICKIE.BREWER@sakilacustomer.org,1,2006-02-14 22:04:36,2,1966 Tonghae Street,Halle/Saale
MATTIE,HOFFMAN,MATTIE.HOFFMAN@sakilacustomer.org,1,2006-02-14 22:04:36,2,1497 Yuzhou Drive,London
TERRY,CARLSON,TERRY.CARLSON@sakilacustomer.org,1,2006-02-14 22:04:36,1,752 Ondo Loop,Miyakonojo
MAXINE,SILVA,MAXINE.SILVA@sakilacustomer.org,1,2006-02-14 22:04:36,2,1338 Zalantun Lane,Poos de Caldas
IRMA,PEARSON,IRMA.PEARSON@sakilacustomer.org,1,2006-02-14 22:04:36,2,127 Iwakuni Boulevard,Hagonoy
MABEL,HOLLAND,MABEL.HOLLAND@sakilacustomer.org,1,2006-02-14 22:04:36,2,51 Laredo Avenue,Monywa
MARSHA,DOUGLAS,MARSHA.DOUGLAS@sakilacustomer.org,1,2006-02-14 22:04:36,2,771 Yaound Manor,Beira
MYRTLE,FLEMING,MYRTLE.FLEMING@sakilacustomer.org,1,2006-02-14 22:04:36,1,532 Toulon Street,Santiago de los Caballeros
LENA,JENSEN,LENA.JENSEN@sakilacustomer.org,1,2006-02-14 22:04:36,2,1027 Banjul Place,Halisahar
CHRISTY,VARGAS,CHRISTY.VARGAS@sakilacustomer.org,1,2006-02-14 22:04:36,1,1158 Mandi Bahauddin Parkway,Datong
DEANNA,BYRD,DEANNA.BYRD@sakilacustomer.org,1,2006-02-14 22:04:36,1,862 Xintai Lane,Tuguegarao
PATSY,DAVIDSON,PATSY.DAVIDSON@sakilacustomer.org,1,2006-02-14 22:04:36,2,816 Cayenne Parkway,Portoviejo
HILDA,HOPKINS,HILDA.HOPKINS@sakilacustomer.org,1,2006-02-14 22:04:36,1,1831 Nam Dinh Loop,Mandaluyong
GWENDOLYN,MAY,GWENDOLYN.MAY@sakilacustomer.org,1,2006-02-14 22:04:36,1,446 Kirovo-Tepetsk Lane,Higashiosaka
JENNIE,TERRY,JENNIE.TERRY@sakilacustomer.org,1,2006-02-14 22:04:36,2,682 Halisahar Place,Olomouc
NORA,HERRERA,NORA.HERRERA@sakilacustomer.org,1,2006-02-14 22:04:36,2,1587 Loja Manor,Salzburg
MARGIE,WADE,MARGIE.WADE@sakilacustomer.org,1,2006-02-14 22:04:36,1,1762 Paarl Parkway,Lengshuijiang
NINA,SOTO,NINA.SOTO@sakilacustomer.org,1,2006-02-14 22:04:36,1,1519 Ilorin Place,Palghat (Palakkad)
CASSANDRA,WALTERS,CASSANDRA.WALTERS@sakilacustomer.org,1,2006-02-14 22:04:36,1,920 Kumbakonam Loop,Salinas
LEAH,CURTIS,LEAH.CURTIS@sakilacustomer.org,1,2006-02-14 22:04:36,1,906 Goinia Way,Kalisz
PENNY,NEAL,PENNY.NEAL@sakilacustomer.org,0,2006-02-14 22:04:36,1,1675 Xiangfan Manor,Kumbakonam
KAY,CALDWELL,KAY.CALDWELL@sakilacustomer.org,1,2006-02-14 22:04:37,1,85 San Felipe de Puerto Plata Drive,Yantai
PRISCILLA,LOWE,PRISCILLA.LOWE@sakilacustomer.org,1,2006-02-14 22:04:37,2,144 South Hill Loop,Salamanca
NAOMI,JENNINGS,NAOMI.JENNINGS@sakilacustomer.org,1,2006-02-14 22:04:37,1,1884 Shikarpur Avenue,Karnal
CAROLE,BARNETT,CAROLE.BARNETT@sakilacustomer.org,1,2006-02-14 22:04:37,2,1980 Kamjanets-Podilskyi Street,Peoria
BRANDY,GRAVES,BRANDY.GRAVES@sakilacustomer.org,1,2006-02-14 22:04:37,1,1944 Bamenda Way,Warren
OLGA,JIMENEZ,OLGA.JIMENEZ@sakilacustomer.org,1,2006-02-14 22:04:37,2,556 Baybay Manor,Ogbomosho
BILLIE,HORTON,BILLIE.HORTON@sakilacustomer.org,1,2006-02-14 22:04:37,2,457 Tongliao Loop,Inegl
DIANNE,SHELTON,DIANNE.SHELTON@sakilacustomer.org,1,2006-02-14 22:04:37,2,600 Bradford Street,Tabriz
TRACEY,BARRETT,TRACEY.BARRETT@sakilacustomer.org,1,2006-02-14 22:04:37,2,1006 Santa Brbara dOeste Manor,Owo
LEONA,OBRIEN,LEONA.OBRIEN@sakilacustomer.org,1,2006-02-14 22:04:37,2,1308 Sumy Loop,Fuzhou
JENNY,CASTRO,JENNY.CASTRO@sakilacustomer.org,1,2006-02-14 22:04:37,2,1405 Chisinau Place,Ponce
FELICIA,SUTTON,FELICIA.SUTTON@sakilacustomer.org,1,2006-02-14 22:04:37,1,226 Halifax Street,Korla
SONIA,GREGORY,SONIA.GREGORY@sakilacustomer.org,1,2006-02-14 22:04:37,1,1279 Udine Parkway,Benin City
MIRIAM,MCKINNEY,MIRIAM.MCKINNEY@sakilacustomer.org,1,2006-02-14 22:04:37,1,1336 Benin City Drive,Otsu
VELMA,LUCAS,VELMA.LUCAS@sakilacustomer.org,1,2006-02-14 22:04:37,1,1155 Liaocheng Place,Effon-Alaiye
BECKY,MILES,BECKY.MILES@sakilacustomer.org,1,2006-02-14 22:04:37,2,1993 Tabuk Lane,Tambaram
BOBBIE,CRAIG,BOBBIE.CRAIG@sakilacustomer.org,1,2006-02-14 22:04:37,1,86 Higashiosaka Lane,Valle de Santiago
VIOLET,RODRIQUEZ,VIOLET.RODRIQUEZ@sakilacustomer.org,1,2006-02-14 22:04:37,1,1912 Allende Manor,Kowloon and New Kowloon
KRISTINA,CHAMBERS,KRISTINA.CHAMBERS@sakilacustomer.org,1,2006-02-14 22:04:37,1,544 Tarsus Boulevard,Valle de la Pascua
TONI,HOLT,TONI.HOLT@sakilacustomer.org,1,2006-02-14 22:04:37,1,1936 Cuman Avenue,Roanoke
MISTY,LAMBERT,MISTY.LAMBERT@sakilacustomer.org,1,2006-02-14 22:04:37,2,1192 Tongliao Street,Sharja
MAE,FLETCHER,MAE.FLETCHER@sakilacustomer.org,1,2006-02-14 22:04:37,2,44 Najafabad Way,Donostia-San Sebastin
SHELLY,WATTS,SHELLY.WATTS@sakilacustomer.org,1,2006-02-14 22:04:37,2,32 Pudukkottai Lane,Dayton
DAISY,BATES,DAISY.BATES@sakilacustomer.org,1,2006-02-14 22:04:37,1,661 Chisinau Lane,Kolpino
RAMONA,HALE,RAMONA.HALE@sakilacustomer.org,1,2006-02-14 22:04:37,2,951 Stara Zagora Manor,Patiala
SHERRI,RHODES,SHERRI.RHODES@sakilacustomer.org,1,2006-02-14 22:04:37,1,922 Vila Velha Loop,Ahmadnagar
ERIKA,PENA,ERIKA.PENA@sakilacustomer.org,1,2006-02-14 22:04:37,1,898 Jining Lane,Oulu
JAMES,GANNON,JAMES.GANNON@sakilacustomer.org,1,2006-02-14 22:04:37,2,1635 Kuwana Boulevard,Hiroshima
JOHN,FARNSWORTH,JOHN.FARNSWORTH@sakilacustomer.org,1,2006-02-14 22:04:37,1,41 El Alto Parkway,Parbhani
ROBERT,BAUGHMAN,ROBERT.BAUGHMAN@sakilacustomer.org,1,2006-02-14 22:04:37,2,1883 Maikop Lane,Kaliningrad
MICHAEL,SILVERMAN,MICHAEL.SILVERMAN@sakilacustomer.org,1,2006-02-14 22:04:37,1,1908 Gaziantep Place,Tiefa
WILLIAM,SATTERFIELD,WILLIAM.SATTERFIELD@sakilacustomer.org,1,2006-02-14 22:04:37,2,687 Alessandria Parkway,Sanaa
DAVID,ROYAL,DAVID.ROYAL@sakilacustomer.org,1,2006-02-14 22:04:37,2,827 Yuncheng Drive,Callao
RICHARD,MCCRARY,RICHARD.MCCRARY@sakilacustomer.org,1,2006-02-14 22:04:37,1,913 Coacalco de Berriozbal Loop,Arlington
CHARLES,KOWALSKI,CHARLES.KOWALSKI@sakilacustomer.org,1,2006-02-14 22:04:37,1,715 So Bernardo do Campo Lane,Sungai Petani
JOSEPH,JOY,JOSEPH.JOY@sakilacustomer.org,1,2006-02-14 22:04:37,2,1354 Siegen Street,Angra dos Reis
THOMAS,GRIGSBY,THOMAS.GRIGSBY@sakilacustomer.org,1,2006-02-14 22:04:37,1,1191 Sungai Petani Boulevard,Kansas City
CHRISTOPHER,GRECO,CHRISTOPHER.GRECO@sakilacustomer.org,1,2006-02-14 22:04:37,1,1224 Huejutla de Reyes Boulevard,Brescia
DANIEL,CABRAL,DANIEL.CABRAL@sakilacustomer.org,1,2006-02-14 22:04:37,2,543 Bergamo Avenue,Ibirit
PAUL,TROUT,PAUL.TROUT@sakilacustomer.org,1,2006-02-14 22:04:37,2,746 Joliet Lane,Kursk
MARK,RINEHART,MARK.RINEHART@sakilacustomer.org,1,2006-02-14 22:04:37,2,780 Kimberley Way,Tabuk
DONALD,MAHON,DONALD.MAHON@sakilacustomer.org,1,2006-02-14 22:04:37,2,1774 Yaound Place,Ezhou
GEORGE,LINTON,GEORGE.LINTON@sakilacustomer.org,1,2006-02-14 22:04:37,1,1957 Yantai Lane,Sorocaba
KENNETH,GOODEN,KENNETH.GOODEN@sakilacustomer.org,0,2006-02-14 22:04:37,2,1542 Lubumbashi Boulevard,Bat Yam
STEVEN,CURLEY,STEVEN.CURLEY@sakilacustomer.org,1,2006-02-14 22:04:37,1,651 Pathankot Loop,Miraj
EDWARD,BAUGH,EDWARD.BAUGH@sakilacustomer.org,1,2006-02-14 22:04:37,2,1359 Zhoushan Parkway,Trshavn
BRIAN,WYMAN,BRIAN.WYMAN@sakilacustomer.org,1,2006-02-14 22:04:37,1,1769 Iwaki Lane,Bydgoszcz
RONALD,WEINER,RONALD.WEINER@sakilacustomer.org,1,2006-02-14 22:04:37,2,1145 Vilnius Manor,San Felipe del Progreso
ANTHONY,SCHWAB,ANTHONY.SCHWAB@sakilacustomer.org,1,2006-02-14 22:04:37,2,1892 Nabereznyje Telny Lane,Tafuna
KEVIN,SCHULER,KEVIN.SCHULER@sakilacustomer.org,1,2006-02-14 22:04:37,1,470 Boksburg Street,Birgunj
JASON,MORRISSEY,JASON.MORRISSEY@sakilacustomer.org,1,2006-02-14 22:04:37,1,1427 A Corua (La Corua) Place,Baha Blanca
MATTHEW,MAHAN,MATTHEW.MAHAN@sakilacustomer.org,1,2006-02-14 22:04:37,2,479 San Felipe del Progreso Avenue,Cuautla
GARY,COY,GARY.COY@sakilacustomer.org,1,2006-02-14 22:04:37,2,867 Benin City Avenue,Yuzhou
TIMOTHY,BUNN,TIMOTHY.BUNN@sakilacustomer.org,1,2006-02-14 22:04:37,1,981 Kumbakonam Place,Braslia
JOSE,ANDREW,JOSE.ANDREW@sakilacustomer.org,1,2006-02-14 22:04:37,1,1016 Iwakuni Street,Kingstown
LARRY,THRASHER,LARRY.THRASHER@sakilacustomer.org,1,2006-02-14 22:04:37,2,663 Baha Blanca Parkway,Adana
JEFFREY,SPEAR,JEFFREY.SPEAR@sakilacustomer.org,1,2006-02-14 22:04:37,2,1860 Taguig Loop,Ciparay
FRANK,WAGGONER,FRANK.WAGGONER@sakilacustomer.org,1,2006-02-14 22:04:37,2,1816 Bydgoszcz Loop,Jamalpur
SCOTT,SHELLEY,SCOTT.SHELLEY@sakilacustomer.org,1,2006-02-14 22:04:37,1,587 Benguela Manor,Aurora
ERIC,ROBERT,ERIC.ROBERT@sakilacustomer.org,1,2006-02-14 22:04:37,1,430 Kumbakonam Drive,Santa F
STEPHEN,QUALLS,STEPHEN.QUALLS@sakilacustomer.org,1,2006-02-14 22:04:37,1,1838 Tabriz Lane,Dhaka
ANDREW,PURDY,ANDREW.PURDY@sakilacustomer.org,1,2006-02-14 22:04:37,2,431 Szkesfehrvr Avenue,Baku
RAYMOND,MCWHORTER,RAYMOND.MCWHORTER@sakilacustomer.org,1,2006-02-14 22:04:37,2,503 Sogamoso Loop,Sumqayit
GREGORY,MAULDIN,GREGORY.MAULDIN@sakilacustomer.org,1,2006-02-14 22:04:37,1,507 Smolensk Loop,Sousse
JOSHUA,MARK,JOSHUA.MARK@sakilacustomer.org,1,2006-02-14 22:04:37,1,1920 Weifang Avenue,Rampur
JERRY,JORDON,JERRY.JORDON@sakilacustomer.org,1,2006-02-14 22:04:37,1,124 al-Manama Way,Onomichi
DENNIS,GILMAN,DENNIS.GILMAN@sakilacustomer.org,1,2006-02-14 22:04:37,1,1443 Mardan Street,Paarl
WALTER,PERRYMAN,WALTER.PERRYMAN@sakilacustomer.org,1,2006-02-14 22:04:37,2,1909 Benguela Lane,Xinxiang
PATRICK,NEWSOM,PATRICK.NEWSOM@sakilacustomer.org,1,2006-02-14 22:04:37,1,68 Ponce Parkway,Hanoi
PETER,MENARD,PETER.MENARD@sakilacustomer.org,1,2006-02-14 22:04:37,1,1217 Konotop Avenue,Ede
HAROLD,MARTINO,HAROLD.MARTINO@sakilacustomer.org,1,2006-02-14 22:04:37,1,1293 Nam Dinh Way,Boa Vista
DOUGLAS,GRAF,DOUGLAS.GRAF@sakilacustomer.org,1,2006-02-14 22:04:37,1,785 Vaduz Street,Mexicali
HENRY,BILLINGSLEY,HENRY.BILLINGSLEY@sakilacustomer.org,1,2006-02-14 22:04:37,1,1516 Escobar Drive,Nukualofa
CARL,ARTIS,CARL.ARTIS@sakilacustomer.org,1,2006-02-14 22:04:37,1,1628 Nagareyama Lane,San Lorenzo
ARTHUR,SIMPKINS,ARTHUR.SIMPKINS@sakilacustomer.org,1,2006-02-14 22:04:37,1,1157 Nyeri Loop,Maikop
RYAN,SALISBURY,RYAN.SALISBURY@sakilacustomer.org,1,2006-02-14 22:04:37,2,1673 Tangail Drive,Daugavpils
ROGER,QUINTANILLA,ROGER.QUINTANILLA@sakilacustomer.org,1,2006-02-14 22:04:37,2,381 Kabul Way,Hsichuh
JOE,GILLILAND,JOE.GILLILAND@sakilacustomer.org,1,2006-02-14 22:04:37,2,953 Hodeida Street,Imus
JUAN,FRALEY,JUAN.FRALEY@sakilacustomer.org,1,2006-02-14 22:04:37,1,469 Nakhon Sawan Street,Teboksary
JACK,FOUST,JACK.FOUST@sakilacustomer.org,1,2006-02-14 22:04:37,1,1378 Beira Loop,Zeleznogorsk
ALBERT,CROUSE,ALBERT.CROUSE@sakilacustomer.org,1,2006-02-14 22:04:37,1,1641 Changhwa Place,Bamenda
JONATHAN,SCARBOROUGH,JONATHAN.SCARBOROUGH@sakilacustomer.org,1,2006-02-14 22:04:37,1,1698 Southport Loop,Pachuca de Soto
JUSTIN,NGO,JUSTIN.NGO@sakilacustomer.org,1,2006-02-14 22:04:37,2,519 Nyeri Manor,Santo Andr
TERRY,GRISSOM,TERRY.GRISSOM@sakilacustomer.org,1,2006-02-14 22:04:37,2,619 Hunuco Avenue,Matsue
GERALD,FULTZ,GERALD.FULTZ@sakilacustomer.org,1,2006-02-14 22:04:37,2,45 Aparecida de Goinia Place,Satna
KEITH,RICO,KEITH.RICO@sakilacustomer.org,1,2006-02-14 22:04:37,1,482 Kowloon and New Kowloon Manor,Bratislava
SAMUEL,MARLOW,SAMUEL.MARLOW@sakilacustomer.org,1,2006-02-14 22:04:37,2,604 Bern Place,Ranchi
WILLIE,MARKHAM,WILLIE.MARKHAM@sakilacustomer.org,1,2006-02-14 22:04:37,2,1623 Kingstown Drive,Almirante Brown
RALPH,MADRIGAL,RALPH.MADRIGAL@sakilacustomer.org,1,2006-02-14 22:04:37,2,1009 Zanzibar Lane,Arecibo
LAWRENCE,LAWTON,LAWRENCE.LAWTON@sakilacustomer.org,1,2006-02-14 22:04:37,2,114 Jalib al-Shuyukh Manor,Yaound
NICHOLAS,BARFIELD,NICHOLAS.BARFIELD@sakilacustomer.org,1,2006-02-14 22:04:37,1,1163 London Parkway,Belm
ROY,WHITING,ROY.WHITING@sakilacustomer.org,1,2006-02-14 22:04:37,2,1658 Jastrzebie-Zdrj Loop,Nyeri
BENJAMIN,VARNEY,BENJAMIN.VARNEY@sakilacustomer.org,1,2006-02-14 22:04:37,1,817 Laredo Avenue,Guadalajara
BRUCE,SCHWARZ,BRUCE.SCHWARZ@sakilacustomer.org,1,2006-02-14 22:04:37,2,1565 Tangail Manor,Okinawa
BRANDON,HUEY,BRANDON.HUEY@sakilacustomer.org,1,2006-02-14 22:04:37,1,1912 Emeishan Drive,Balikesir
ADAM,GOOCH,ADAM.GOOCH@sakilacustomer.org,1,2006-02-14 22:04:37,1,230 Urawa Drive,Adoni
HARRY,ARCE,HARRY.ARCE@sakilacustomer.org,0,2006-02-14 22:04:37,1,1922 Miraj Way,Najafabad
FRED,WHEAT,FRED.WHEAT@sakilacustomer.org,1,2006-02-14 22:04:37,2,433 Florencia Street,Jurez
WAYNE,TRUONG,WAYNE.TRUONG@sakilacustomer.org,1,2006-02-14 22:04:37,2,1049 Matamoros Parkway,Gulbarga
BILLY,POULIN,BILLY.POULIN@sakilacustomer.org,1,2006-02-14 22:04:37,1,1061 Ede Avenue,Cabuyao
STEVE,MACKENZIE,STEVE.MACKENZIE@sakilacustomer.org,1,2006-02-14 22:04:37,2,154 Oshawa Manor,Probolinggo
LOUIS,LEONE,LOUIS.LEONE@sakilacustomer.org,1,2006-02-14 22:04:37,1,1191 Tandil Drive,Tanauan
JEREMY,HURTADO,JEREMY.HURTADO@sakilacustomer.org,1,2006-02-14 22:04:37,2,1133 Rizhao Avenue,Vitria de Santo Anto
AARON,SELBY,AARON.SELBY@sakilacustomer.org,1,2006-02-14 22:04:37,2,1519 Santiago de los Caballeros Loop,Mwene-Ditu
RANDY,GAITHER,RANDY.GAITHER@sakilacustomer.org,1,2006-02-14 22:04:37,1,1618 Olomouc Manor,Kurgan
HOWARD,FORTNER,HOWARD.FORTNER@sakilacustomer.org,1,2006-02-14 22:04:37,1,220 Hidalgo Drive,Kermanshah
EUGENE,CULPEPPER,EUGENE.CULPEPPER@sakilacustomer.org,1,2006-02-14 22:04:37,1,686 Donostia-San Sebastin Lane,Shenzhen
CARLOS,COUGHLIN,CARLOS.COUGHLIN@sakilacustomer.org,1,2006-02-14 22:04:37,1,97 Mogiljov Lane,Bhavnagar
RUSSELL,BRINSON,RUSSELL.BRINSON@sakilacustomer.org,1,2006-02-14 22:04:37,1,1642 Charlotte Amalie Drive,Tychy
BOBBY,BOUDREAU,BOBBY.BOUDREAU@sakilacustomer.org,1,2006-02-14 22:04:37,2,1368 Maracabo Boulevard,South Hill
VICTOR,BARKLEY,VICTOR.BARKLEY@sakilacustomer.org,1,2006-02-14 22:04:37,2,401 Sucre Boulevard,Manchester
MARTIN,BALES,MARTIN.BALES@sakilacustomer.org,1,2006-02-14 22:04:37,1,368 Hunuco Boulevard,Namibe
ERNEST,STEPP,ERNEST.STEPP@sakilacustomer.org,1,2006-02-14 22:04:37,2,500 Lincoln Parkway,Huaian
PHILLIP,HOLM,PHILLIP.HOLM@sakilacustomer.org,1,2006-02-14 22:04:37,1,102 Chapra Drive,Tama
TODD,TAN,TODD.TAN@sakilacustomer.org,1,2006-02-14 22:04:37,1,1793 Meixian Place,Kamjanets-Podilskyi
JESSE,SCHILLING,JESSE.SCHILLING@sakilacustomer.org,1,2006-02-14 22:04:37,2,514 Ife Way,Lubumbashi
CRAIG,MORRELL,CRAIG.MORRELL@sakilacustomer.org,1,2006-02-14 22:04:37,2,717 Changzhou Lane,Cavite
ALAN,KAHN,ALAN.KAHN@sakilacustomer.org,1,2006-02-14 22:04:37,1,753 Ilorin Avenue,Emeishan
SHAWN,HEATON,SHAWN.HEATON@sakilacustomer.org,1,2006-02-14 22:04:37,1,1337 Mit Ghamr Avenue,Nakhon Sawan
CLARENCE,GAMEZ,CLARENCE.GAMEZ@sakilacustomer.org,1,2006-02-14 22:04:37,1,767 Pyongyang Drive,Izumisano
SEAN,DOUGLASS,SEAN.DOUGLASS@sakilacustomer.org,1,2006-02-14 22:04:37,2,614 Pak Kret Street,Addis Abeba
PHILIP,CAUSEY,PHILIP.CAUSEY@sakilacustomer.org,1,2006-02-14 22:04:37,1,954 Lapu-Lapu Way,Korolev
CHRIS,BROTHERS,CHRIS.BROTHERS@sakilacustomer.org,1,2006-02-14 22:04:37,2,331 Bydgoszcz Parkway,Gijn
JOHNNY,TURPIN,JOHNNY.TURPIN@sakilacustomer.org,1,2006-02-14 22:04:37,2,1152 Citrus Heights Manor,al-Qadarif
EARL,SHANKS,EARL.SHANKS@sakilacustomer.org,1,2006-02-14 22:04:37,1,168 Cianjur Manor,Iwatsuki
JIMMY,SCHRADER,JIMMY.SCHRADER@sakilacustomer.org,1,2006-02-14 22:04:37,1,616 Hagonoy Avenue,Atinsk
ANTONIO,MEEK,ANTONIO.MEEK@sakilacustomer.org,1,2006-02-14 22:04:37,1,1190 0 Place,Bag
DANNY,ISOM,DANNY.ISOM@sakilacustomer.org,1,2006-02-14 22:04:37,1,734 Bchar Place,Okara
BRYAN,HARDISON,BRYAN.HARDISON@sakilacustomer.org,1,2006-02-14 22:04:37,2,530 Lausanne Lane,Dallas
TONY,CARRANZA,TONY.CARRANZA@sakilacustomer.org,1,2006-02-14 22:04:37,2,454 Patiala Lane,Koriyama
LUIS,YANEZ,LUIS.YANEZ@sakilacustomer.org,1,2006-02-14 22:04:37,1,1346 Mysore Drive,Brest
MIKE,WAY,MIKE.WAY@sakilacustomer.org,1,2006-02-14 22:04:37,1,990 Etawah Loop,Valparai
STANLEY,SCROGGINS,STANLEY.SCROGGINS@sakilacustomer.org,1,2006-02-14 22:04:37,2,1266 Laredo Parkway,Omiya
LEONARD,SCHOFIELD,LEONARD.SCHOFIELD@sakilacustomer.org,1,2006-02-14 22:04:37,1,88 Nagaon Manor,Tandil
NATHAN,RUNYON,NATHAN.RUNYON@sakilacustomer.org,0,2006-02-14 22:04:37,1,264 Bhimavaram Manor,Charlotte Amalie
DALE,RATCLIFF,DALE.RATCLIFF@sakilacustomer.org,1,2006-02-14 22:04:37,1,1639 Saarbrcken Drive,Rustenburg
MANUEL,MURRELL,MANUEL.MURRELL@sakilacustomer.org,1,2006-02-14 22:04:37,1,692 Amroha Drive,Jaffna
RODNEY,MOELLER,RODNEY.MOELLER@sakilacustomer.org,1,2006-02-14 22:04:37,2,1936 Lapu-Lapu Parkway,Deba Habe
CURTIS,IRBY,CURTIS.IRBY@sakilacustomer.org,1,2006-02-14 22:04:37,2,432 Garden Grove Street,Richmond Hill
NORMAN,CURRIER,NORMAN.CURRIER@sakilacustomer.org,1,2006-02-14 22:04:37,1,1445 Carmen Parkway,Cianjur
ALLEN,BUTTERFIELD,ALLEN.BUTTERFIELD@sakilacustomer.org,1,2006-02-14 22:04:37,2,791 Salinas Street,Hoshiarpur
MARVIN,YEE,MARVIN.YEE@sakilacustomer.org,1,2006-02-14 22:04:37,2,126 Acua Parkway,Berhampore (Baharampur)
VINCENT,RALSTON,VINCENT.RALSTON@sakilacustomer.org,1,2006-02-14 22:04:37,1,397 Sunnyvale Avenue,Allende
GLENN,PULLEN,GLENN.PULLEN@sakilacustomer.org,1,2006-02-14 22:04:37,1,992 Klerksdorp Loop,Amersfoort
JEFFERY,PINSON,JEFFERY.PINSON@sakilacustomer.org,1,2006-02-14 22:04:37,2,966 Arecibo Loop,Dadu
TRAVIS,ESTEP,TRAVIS.ESTEP@sakilacustomer.org,1,2006-02-14 22:04:37,1,289 Santo Andr Manor,al-Qatif
JEFF,EAST,JEFF.EAST@sakilacustomer.org,1,2006-02-14 22:04:37,2,437 Chungho Drive,San Felipe de Puerto Plata
CHAD,CARBONE,CHAD.CARBONE@sakilacustomer.org,1,2006-02-14 22:04:37,1,1948 Bayugan Parkway,Katihar
JACOB,LANCE,JACOB.LANCE@sakilacustomer.org,1,2006-02-14 22:04:37,1,1866 al-Qatif Avenue,El Monte
LEE,HAWKS,LEE.HAWKS@sakilacustomer.org,1,2006-02-14 22:04:37,1,1661 Abha Drive,Pudukkottai
MELVIN,ELLINGTON,MELVIN.ELLINGTON@sakilacustomer.org,1,2006-02-14 22:04:37,1,1557 Cape Coral Parkway,Laohekou
ALFRED,CASILLAS,ALFRED.CASILLAS@sakilacustomer.org,1,2006-02-14 22:04:37,2,1727 Matamoros Place,Sawhaj
KYLE,SPURLOCK,KYLE.SPURLOCK@sakilacustomer.org,1,2006-02-14 22:04:37,2,1269 Botosani Manor,Shanwei
FRANCIS,SIKES,FRANCIS.SIKES@sakilacustomer.org,1,2006-02-14 22:04:37,2,355 Vitria de Santo Anto Way,San Juan Bautista Tuxtepec
BRADLEY,MOTLEY,BRADLEY.MOTLEY@sakilacustomer.org,1,2006-02-14 22:04:37,1,1596 Acua Parkway,Purnea (Purnia)
JESUS,MCCARTNEY,JESUS.MCCARTNEY@sakilacustomer.org,1,2006-02-14 22:04:37,2,259 Ipoh Drive,Guaruj
HERBERT,KRUGER,HERBERT.KRUGER@sakilacustomer.org,1,2006-02-14 22:04:37,2,1823 Hoshiarpur Lane,Syktyvkar
FREDERICK,ISBELL,FREDERICK.ISBELL@sakilacustomer.org,1,2006-02-14 22:04:37,2,1404 Taguig Drive,Tsuyama
RAY,HOULE,RAY.HOULE@sakilacustomer.org,1,2006-02-14 22:04:37,1,740 Udaipur Lane,Dzerzinsk
JOEL,FRANCISCO,JOEL.FRANCISCO@sakilacustomer.org,1,2006-02-14 22:04:37,2,287 Cuautla Boulevard,Sucre
EDWIN,BURK,EDWIN.BURK@sakilacustomer.org,1,2006-02-14 22:04:37,1,1766 Almirante Brown Street,Newcastle
DON,BONE,DON.BONE@sakilacustomer.org,1,2006-02-14 22:04:37,1,596 Huixquilucan Place,Naala-Porto
EDDIE,TOMLIN,EDDIE.TOMLIN@sakilacustomer.org,1,2006-02-14 22:04:37,1,1351 Aparecida de Goinia Parkway,Ozamis
RICKY,SHELBY,RICKY.SHELBY@sakilacustomer.org,1,2006-02-14 22:04:37,2,722 Bradford Lane,Junan
TROY,QUIGLEY,TROY.QUIGLEY@sakilacustomer.org,1,2006-02-14 22:04:37,1,983 Santa F Way,Vancouver
RANDALL,NEUMANN,RANDALL.NEUMANN@sakilacustomer.org,1,2006-02-14 22:04:37,2,1245 Ibirit Way,La Romana
BARRY,LOVELACE,BARRY.LOVELACE@sakilacustomer.org,1,2006-02-14 22:04:37,1,1836 Korla Parkway,Kitwe
ALEXANDER,FENNELL,ALEXANDER.FENNELL@sakilacustomer.org,1,2006-02-14 22:04:37,2,231 Kaliningrad Place,Bergamo
BERNARD,COLBY,BERNARD.COLBY@sakilacustomer.org,1,2006-02-14 22:04:37,1,495 Bhimavaram Lane,Dhule (Dhulia)
MARIO,CHEATHAM,MARIO.CHEATHAM@sakilacustomer.org,1,2006-02-14 22:04:37,1,1924 Shimonoseki Drive,Batna
LEROY,BUSTAMANTE,LEROY.BUSTAMANTE@sakilacustomer.org,1,2006-02-14 22:04:37,1,105 Dzerzinsk Manor,Tongliao
FRANCISCO,SKIDMORE,FRANCISCO.SKIDMORE@sakilacustomer.org,1,2006-02-14 22:04:37,2,614 Denizli Parkway,So Leopoldo
MARCUS,HIDALGO,MARCUS.HIDALGO@sakilacustomer.org,1,2006-02-14 22:04:37,2,1289 Belm Boulevard,Tartu
MICHEAL,FORMAN,MICHEAL.FORMAN@sakilacustomer.org,1,2006-02-14 22:04:37,1,203 Tambaram Street,Escobar
THEODORE,CULP,THEODORE.CULP@sakilacustomer.org,0,2006-02-14 22:04:37,2,1704 Tambaram Manor,Uluberia
CLIFFORD,BOWENS,CLIFFORD.BOWENS@sakilacustomer.org,1,2006-02-14 22:04:37,1,207 Cuernavaca Loop,Nabereznyje Telny
MIGUEL,BETANCOURT,MIGUEL.BETANCOURT@sakilacustomer.org,1,2006-02-14 22:04:37,1,319 Springs Loop,Erlangen
OSCAR,AQUINO,OSCAR.AQUINO@sakilacustomer.org,1,2006-02-14 22:04:37,2,956 Nam Dinh Manor,Sirjan
JAY,ROBB,JAY.ROBB@sakilacustomer.org,1,2006-02-14 22:04:37,1,1947 Paarl Way,Surakarta
JIM,REA,JIM.REA@sakilacustomer.org,1,2006-02-14 22:04:37,1,814 Simferopol Loop,El Fuerte
TOM,MILNER,TOM.MILNER@sakilacustomer.org,1,2006-02-14 22:04:37,1,535 Ahmadnagar Manor,Abu Dhabi
CALVIN,MARTEL,CALVIN.MARTEL@sakilacustomer.org,1,2006-02-14 22:04:37,1,138 Caracas Boulevard,Maracabo
ALEX,GRESHAM,ALEX.GRESHAM@sakilacustomer.org,1,2006-02-14 22:04:37,2,251 Florencia Drive,Uruapan
JON,WILES,JON.WILES@sakilacustomer.org,1,2006-02-14 22:04:37,2,659 Gatineau Boulevard,El Alto
RONNIE,RICKETTS,RONNIE.RICKETTS@sakilacustomer.org,1,2006-02-14 22:04:37,2,1889 Valparai Way,Ziguinchor
BILL,GAVIN,BILL.GAVIN@sakilacustomer.org,1,2006-02-14 22:04:37,2,1485 Bratislava Place,Rockford
LLOYD,DOWD,LLOYD.DOWD@sakilacustomer.org,1,2006-02-14 22:04:37,1,935 Aden Boulevard,Tegal
TOMMY,COLLAZO,TOMMY.COLLAZO@sakilacustomer.org,1,2006-02-14 22:04:37,1,76 Kermanshah Manor,Qomsheh
LEON,BOSTIC,LEON.BOSTIC@sakilacustomer.org,1,2006-02-14 22:04:37,1,734 Tanshui Avenue,Florencia
DEREK,BLAKELY,DEREK.BLAKELY@sakilacustomer.org,1,2006-02-14 22:04:37,1,118 Jaffna Loop,Gingoog
WARREN,SHERROD,WARREN.SHERROD@sakilacustomer.org,1,2006-02-14 22:04:37,2,1621 Tongliao Avenue,Usolje-Sibirskoje
DARRELL,POWER,DARRELL.POWER@sakilacustomer.org,1,2006-02-14 22:04:37,2,1844 Usak Avenue,Halifax
JEROME,KENYON,JEROME.KENYON@sakilacustomer.org,1,2006-02-14 22:04:37,1,1872 Toulon Loop,Rancagua
FLOYD,GANDY,FLOYD.GANDY@sakilacustomer.org,1,2006-02-14 22:04:37,1,1088 Ibirit Place,Zapopan
LEO,EBERT,LEO.EBERT@sakilacustomer.org,1,2006-02-14 22:04:37,1,1322 Mosul Parkway,Dongying
ALVIN,DELOACH,ALVIN.DELOACH@sakilacustomer.org,1,2006-02-14 22:04:37,2,1447 Chatsworth Place,Cuauhtmoc
TIM,CARY,TIM.CARY@sakilacustomer.org,1,2006-02-14 22:04:37,1,1257 Guadalajara Street,Bijapur
WESLEY,BULL,WESLEY.BULL@sakilacustomer.org,1,2006-02-14 22:04:37,2,1469 Plock Lane,Ourense (Orense)
GORDON,ALLARD,GORDON.ALLARD@sakilacustomer.org,1,2006-02-14 22:04:37,1,434 Ourense (Orense) Manor,Hodeida
DEAN,SAUER,DEAN.SAUER@sakilacustomer.org,1,2006-02-14 22:04:37,1,270 Tambaram Parkway,Johannesburg
GREG,ROBINS,GREG.ROBINS@sakilacustomer.org,1,2006-02-14 22:04:37,1,1786 Salinas Place,Nam Dinh
JORGE,OLIVARES,JORGE.OLIVARES@sakilacustomer.org,1,2006-02-14 22:04:37,2,1078 Stara Zagora Drive,Lhokseumawe
DUSTIN,GILLETTE,DUSTIN.GILLETTE@sakilacustomer.org,1,2006-02-14 22:04:37,2,1854 Okara Boulevard,Emmen
PEDRO,CHESTNUT,PEDRO.CHESTNUT@sakilacustomer.org,1,2006-02-14 22:04:37,2,421 Yaound Street,ostka
DERRICK,BOURQUE,DERRICK.BOURQUE@sakilacustomer.org,1,2006-02-14 22:04:37,1,1153 Allende Way,Gatineau
DAN,PAINE,DAN.PAINE@sakilacustomer.org,1,2006-02-14 22:04:37,1,808 Naala-Porto Parkway,Stockport
LEWIS,LYMAN,LEWIS.LYMAN@sakilacustomer.org,1,2006-02-14 22:04:37,1,632 Usolje-Sibirskoje Parkway,Ashqelon
ZACHARY,HITE,ZACHARY.HITE@sakilacustomer.org,1,2006-02-14 22:04:37,1,98 Pyongyang Boulevard,Akron
COREY,HAUSER,COREY.HAUSER@sakilacustomer.org,1,2006-02-14 22:04:37,1,984 Novoterkassk Loop,Gaziantep
HERMAN,DEVORE,HERMAN.DEVORE@sakilacustomer.org,1,2006-02-14 22:04:37,1,64 Korla Street,Mwanza
MAURICE,CRAWLEY,MAURICE.CRAWLEY@sakilacustomer.org,0,2006-02-14 22:04:37,1,1785 So Bernardo do Campo Street,Coatzacoalcos
VERNON,CHAPA,VERNON.CHAPA@sakilacustomer.org,1,2006-02-14 22:04:37,2,698 Jelets Boulevard,Denizli
ROBERTO,VU,ROBERTO.VU@sakilacustomer.org,1,2006-02-14 22:04:37,1,1297 Alvorada Parkway,Yinchuan
CLYDE,TOBIAS,CLYDE.TOBIAS@sakilacustomer.org,1,2006-02-14 22:04:37,1,1909 Dayton Avenue,Shaoguan
GLEN,TALBERT,GLEN.TALBERT@sakilacustomer.org,1,2006-02-14 22:04:37,1,1789 Saint-Denis Parkway,Acua
HECTOR,POINDEXTER,HECTOR.POINDEXTER@sakilacustomer.org,1,2006-02-14 22:04:37,2,185 Mannheim Lane,Pjatigorsk
SHANE,MILLARD,SHANE.MILLARD@sakilacustomer.org,1,2006-02-14 22:04:37,2,184 Mandaluyong Street,La Paz
RICARDO,MEADOR,RICARDO.MEADOR@sakilacustomer.org,1,2006-02-14 22:04:37,1,591 Sungai Petani Drive,Okayama
SAM,MCDUFFIE,SAM.MCDUFFIE@sakilacustomer.org,1,2006-02-14 22:04:37,1,656 Matamoros Drive,Sogamoso
RICK,MATTOX,RICK.MATTOX@sakilacustomer.org,1,2006-02-14 22:04:37,2,775 ostka Drive,Mit Ghamr
LESTER,KRAUS,LESTER.KRAUS@sakilacustomer.org,1,2006-02-14 22:04:37,2,1013 Tabuk Boulevard,Kanchrapara
BRENT,HARKINS,BRENT.HARKINS@sakilacustomer.org,1,2006-02-14 22:04:37,1,319 Plock Parkway,Sultanbeyli
RAMON,CHOATE,RAMON.CHOATE@sakilacustomer.org,1,2006-02-14 22:04:37,2,1954 Kowloon and New Kowloon Way,Robamba
CHARLIE,BESS,CHARLIE.BESS@sakilacustomer.org,1,2006-02-14 22:04:37,2,362 Rajkot Lane,Baiyin
TYLER,WREN,TYLER.WREN@sakilacustomer.org,1,2006-02-14 22:04:37,2,1060 Tandil Lane,Rizhao
GILBERT,SLEDGE,GILBERT.SLEDGE@sakilacustomer.org,1,2006-02-14 22:04:37,2,1515 Korla Way,York
GENE,SANBORN,GENE.SANBORN@sakilacustomer.org,1,2006-02-14 22:04:37,1,1416 San Juan Bautista Tuxtepec Avenue,Salala
MARC,OUTLAW,MARC.OUTLAW@sakilacustomer.org,1,2006-02-14 22:04:37,2,1 Valle de Santiago Avenue,Brindisi
REGINALD,KINDER,REGINALD.KINDER@sakilacustomer.org,1,2006-02-14 22:04:37,1,519 Brescia Parkway,Madiun
RUBEN,GEARY,RUBEN.GEARY@sakilacustomer.org,1,2006-02-14 22:04:37,1,414 Mandaluyong Street,Lublin
BRETT,CORNWELL,BRETT.CORNWELL@sakilacustomer.org,1,2006-02-14 22:04:37,1,1197 Sokoto Boulevard,Siliguri (Shiliguri)
ANGEL,BARCLAY,ANGEL.BARCLAY@sakilacustomer.org,1,2006-02-14 22:04:37,1,496 Celaya Drive,Ueda
NATHANIEL,ADAM,NATHANIEL.ADAM@sakilacustomer.org,1,2006-02-14 22:04:37,1,786 Matsue Way,Joliet
RAFAEL,ABNEY,RAFAEL.ABNEY@sakilacustomer.org,1,2006-02-14 22:04:37,1,48 Maracabo Place,Talavera
LESLIE,SEWARD,LESLIE.SEWARD@sakilacustomer.org,1,2006-02-14 22:04:37,2,1152 al-Qatif Lane,Pontianak
EDGAR,RHOADS,EDGAR.RHOADS@sakilacustomer.org,1,2006-02-14 22:04:37,2,1269 Ipoh Avenue,Eskisehir
MILTON,HOWLAND,MILTON.HOWLAND@sakilacustomer.org,1,2006-02-14 22:04:37,2,758 Korolev Parkway,Vijayawada
RAUL,FORTIER,RAUL.FORTIER@sakilacustomer.org,1,2006-02-14 22:04:37,1,1747 Rustenburg Place,Chapra
BEN,EASTER,BEN.EASTER@sakilacustomer.org,0,2006-02-14 22:04:37,2,886 Tonghae Place,Kamyin
CHESTER,BENNER,CHESTER.BENNER@sakilacustomer.org,1,2006-02-14 22:04:37,1,1574 Goinia Boulevard,Suihua
CECIL,VINES,CECIL.VINES@sakilacustomer.org,1,2006-02-14 22:04:37,1,548 Uruapan Street,London
DUANE,TUBBS,DUANE.TUBBS@sakilacustomer.org,1,2006-02-14 22:04:37,2,962 Tama Loop,Yangor
FRANKLIN,TROUTMAN,FRANKLIN.TROUTMAN@sakilacustomer.org,1,2006-02-14 22:04:37,2,1778 Gijn Manor,Zaoyang
ANDRE,RAPP,ANDRE.RAPP@sakilacustomer.org,1,2006-02-14 22:04:37,1,568 Dhule (Dhulia) Loop,Coquimbo
ELMER,NOE,ELMER.NOE@sakilacustomer.org,1,2006-02-14 22:04:37,2,1768 Udine Loop,Battambang
BRAD,MCCURDY,BRAD.MCCURDY@sakilacustomer.org,1,2006-02-14 22:04:37,2,608 Birgunj Parkway,Chungho
GABRIEL,HARDER,GABRIEL.HARDER@sakilacustomer.org,1,2006-02-14 22:04:37,1,680 A Corua (La Corua) Manor,Sivas
RON,DELUCA,RON.DELUCA@sakilacustomer.org,1,2006-02-14 22:04:37,2,1949 Sanya Street,Isesaki
MITCHELL,WESTMORELAND,MITCHELL.WESTMORELAND@sakilacustomer.org,1,2006-02-14 22:04:37,2,617 Klerksdorp Place,Nha Trang
ROLAND,SOUTH,ROLAND.SOUTH@sakilacustomer.org,1,2006-02-14 22:04:37,2,1993 0 Loop,Yingkou
ARNOLD,HAVENS,ARNOLD.HAVENS@sakilacustomer.org,1,2006-02-14 22:04:37,2,1176 Southend-on-Sea Manor,Santa Rosa
HARVEY,GUAJARDO,HARVEY.GUAJARDO@sakilacustomer.org,1,2006-02-14 22:04:37,1,600 Purnea (Purnia) Avenue,Vinh
JARED,ELY,JARED.ELY@sakilacustomer.org,1,2006-02-14 22:04:37,1,1003 Qinhuangdao Street,Purwakarta
ADRIAN,CLARY,ADRIAN.CLARY@sakilacustomer.org,1,2006-02-14 22:04:37,2,1986 Sivas Place,Udine
KARL,SEAL,KARL.SEAL@sakilacustomer.org,1,2006-02-14 22:04:37,2,1427 Tabuk Place,Cape Coral
CORY,MEEHAN,CORY.MEEHAN@sakilacustomer.org,1,2006-02-14 22:04:37,1,556 Asuncin Way,Mogiljov
CLAUDE,HERZOG,CLAUDE.HERZOG@sakilacustomer.org,1,2006-02-14 22:04:37,1,486 Ondo Parkway,Benguela
ERIK,GUILLEN,ERIK.GUILLEN@sakilacustomer.org,1,2006-02-14 22:04:37,2,635 Brest Manor,Bhimavaram
DARRYL,ASHCRAFT,DARRYL.ASHCRAFT@sakilacustomer.org,1,2006-02-14 22:04:37,2,166 Jinchang Street,Ezeiza
JAMIE,WAUGH,JAMIE.WAUGH@sakilacustomer.org,1,2006-02-14 22:04:37,2,958 Sagamihara Lane,Kuwana
NEIL,RENNER,NEIL.RENNER@sakilacustomer.org,1,2006-02-14 22:04:37,2,1817 Livorno Way,Cam Ranh
JESSIE,MILAM,JESSIE.MILAM@sakilacustomer.org,1,2006-02-14 22:04:37,1,1332 Gaziantep Lane,Binzhou
CHRISTIAN,JUNG,CHRISTIAN.JUNG@sakilacustomer.org,0,2006-02-14 22:04:37,1,949 Allende Lane,Amroha
JAVIER,ELROD,JAVIER.ELROD@sakilacustomer.org,1,2006-02-14 22:04:37,1,195 Ilorin Street,NDjamna
FERNANDO,CHURCHILL,FERNANDO.CHURCHILL@sakilacustomer.org,1,2006-02-14 22:04:37,2,193 Bhusawal Place,Tonghae
CLINTON,BUFORD,CLINTON.BUFORD@sakilacustomer.org,1,2006-02-14 22:04:37,2,43 Vilnius Manor,Aurora
TED,BREAUX,TED.BREAUX@sakilacustomer.org,1,2006-02-14 22:04:37,2,183 Haiphong Street,Baicheng
MATHEW,BOLIN,MATHEW.BOLIN@sakilacustomer.org,1,2006-02-14 22:04:37,1,163 Augusta-Richmond County Loop,Valencia
TYRONE,ASHER,TYRONE.ASHER@sakilacustomer.org,1,2006-02-14 22:04:37,1,191 Jos Azueta Parkway,Ruse
DARREN,WINDHAM,DARREN.WINDHAM@sakilacustomer.org,1,2006-02-14 22:04:37,2,379 Lublin Parkway,Livorno
LONNIE,TIRADO,LONNIE.TIRADO@sakilacustomer.org,1,2006-02-14 22:04:37,2,1658 Cuman Loop,Pangkal Pinang
LANCE,PEMBERTON,LANCE.PEMBERTON@sakilacustomer.org,1,2006-02-14 22:04:37,1,454 Qinhuangdao Drive,Beni-Mellal
CODY,NOLEN,CODY.NOLEN@sakilacustomer.org,1,2006-02-14 22:04:37,2,1715 Okayama Street,So Bernardo do Campo
JULIO,NOLAND,JULIO.NOLAND@sakilacustomer.org,1,2006-02-14 22:04:37,2,182 Nukualofa Drive,Konotop
KELLY,KNOTT,KELLY.KNOTT@sakilacustomer.org,1,2006-02-14 22:04:37,1,390 Wroclaw Way,Sanya
KURT,EMMONS,KURT.EMMONS@sakilacustomer.org,1,2006-02-14 22:04:37,1,1421 Quilmes Lane,Kanazawa
ALLAN,CORNISH,ALLAN.CORNISH@sakilacustomer.org,1,2006-02-14 22:04:37,1,947 Trshavn Place,Tarlac
NELSON,CHRISTENSON,NELSON.CHRISTENSON@sakilacustomer.org,1,2006-02-14 22:04:37,1,1764 Jalib al-Shuyukh Parkway,Santiago de Compostela
GUY,BROWNLEE,GUY.BROWNLEE@sakilacustomer.org,1,2006-02-14 22:04:37,2,346 Cam Ranh Avenue,Zhoushan
CLAYTON,BARBEE,CLAYTON.BARBEE@sakilacustomer.org,1,2006-02-14 22:04:37,2,1407 Pachuca de Soto Place,Alvorada
HUGH,WALDROP,HUGH.WALDROP@sakilacustomer.org,1,2006-02-14 22:04:37,2,904 Clarksville Drive,Haining
MAX,PITT,MAX.PITT@sakilacustomer.org,1,2006-02-14 22:04:37,1,1917 Kumbakonam Parkway,Novi Sad
DWAYNE,OLVERA,DWAYNE.OLVERA@sakilacustomer.org,1,2006-02-14 22:04:37,1,1447 Imus Place,Rajkot
DWIGHT,LOMBARDI,DWIGHT.LOMBARDI@sakilacustomer.org,1,2006-02-14 22:04:37,1,1497 Fengshan Drive,Chatsworth
ARMANDO,GRUBER,ARMANDO.GRUBER@sakilacustomer.org,1,2006-02-14 22:04:37,2,869 Shikarpur Way,Southport
FELIX,GAFFNEY,FELIX.GAFFNEY@sakilacustomer.org,1,2006-02-14 22:04:37,1,1059 Yuncheng Avenue,Vilnius
JIMMIE,EGGLESTON,JIMMIE.EGGLESTON@sakilacustomer.org,0,2006-02-14 22:04:37,1,505 Madiun Boulevard,Wroclaw
EVERETT,BANDA,EVERETT.BANDA@sakilacustomer.org,1,2006-02-14 22:04:37,2,1741 Hoshiarpur Boulevard,Bilbays
JORDAN,ARCHULETA,JORDAN.ARCHULETA@sakilacustomer.org,1,2006-02-14 22:04:37,1,1229 Varanasi (Benares) Manor,Avellaneda
IAN,STILL,IAN.STILL@sakilacustomer.org,1,2006-02-14 22:04:37,2,1894 Boa Vista Way,Garland
WALLACE,SLONE,WALLACE.SLONE@sakilacustomer.org,1,2006-02-14 22:04:37,1,1342 Sharja Way,Sokoto
KEN,PREWITT,KEN.PREWITT@sakilacustomer.org,1,2006-02-14 22:04:37,2,1342 Abha Boulevard,Bucuresti
BOB,PFEIFFER,BOB.PFEIFFER@sakilacustomer.org,1,2006-02-14 22:04:37,2,415 Pune Avenue,Xintai
JAIME,NETTLES,JAIME.NETTLES@sakilacustomer.org,1,2006-02-14 22:04:37,2,1746 Faaa Way,Hunuco
CASEY,MENA,CASEY.MENA@sakilacustomer.org,1,2006-02-14 22:04:37,1,539 Hami Way,Tokat
ALFREDO,MCADAMS,ALFREDO.MCADAMS@sakilacustomer.org,1,2006-02-14 22:04:37,2,1407 Surakarta Manor,Serpuhov
ALBERTO,HENNING,ALBERTO.HENNING@sakilacustomer.org,1,2006-02-14 22:04:37,2,502 Mandi Bahauddin Parkway,Barcelona
DAVE,GARDINER,DAVE.GARDINER@sakilacustomer.org,1,2006-02-14 22:04:37,2,1052 Pathankot Avenue,Leshan
IVAN,CROMWELL,IVAN.CROMWELL@sakilacustomer.org,1,2006-02-14 22:04:37,2,1351 Sousse Lane,Monclova
JOHNNIE,CHISHOLM,JOHNNIE.CHISHOLM@sakilacustomer.org,1,2006-02-14 22:04:37,2,1501 Pangkal Pinang Avenue,Plock
SIDNEY,BURLESON,SIDNEY.BURLESON@sakilacustomer.org,1,2006-02-14 22:04:37,1,1405 Hagonoy Avenue,Czestochowa
BYRON,BOX,BYRON.BOX@sakilacustomer.org,1,2006-02-14 22:04:37,1,521 San Juan Bautista Tuxtepec Place,Zhezqazghan
JULIAN,VEST,JULIAN.VEST@sakilacustomer.org,1,2006-02-14 22:04:37,2,923 Tangail Boulevard,Akishima
ISAAC,OGLESBY,ISAAC.OGLESBY@sakilacustomer.org,1,2006-02-14 22:04:37,2,186 Skikda Lane,Cuernavaca
MORRIS,MCCARTER,MORRIS.MCCARTER@sakilacustomer.org,1,2006-02-14 22:04:37,2,1568 Celaya Parkway,Fengshan
CLIFTON,MALCOLM,CLIFTON.MALCOLM@sakilacustomer.org,1,2006-02-14 22:04:37,2,1489 Kakamigahara Lane,Tanshui
WILLARD,LUMPKIN,WILLARD.LUMPKIN@sakilacustomer.org,1,2006-02-14 22:04:37,2,1819 Alessandria Loop,Carmen
DARYL,LARUE,DARYL.LARUE@sakilacustomer.org,1,2006-02-14 22:04:37,2,1208 Tama Loop,Mosul
ROSS,GREY,ROSS.GREY@sakilacustomer.org,1,2006-02-14 22:04:37,1,951 Springs Lane,Iligan
VIRGIL,WOFFORD,VIRGIL.WOFFORD@sakilacustomer.org,1,2006-02-14 22:04:37,1,760 Miyakonojo Drive,Jos Azueta
ANDY,VANHORN,ANDY.VANHORN@sakilacustomer.org,1,2006-02-14 22:04:37,2,966 Asuncin Way,Huejutla de Reyes
MARSHALL,THORN,MARSHALL.THORN@sakilacustomer.org,1,2006-02-14 22:04:37,1,1584 Ljubertsy Lane,Southampton
SALVADOR,TEEL,SALVADOR.TEEL@sakilacustomer.org,1,2006-02-14 22:04:37,2,247 Jining Parkway,Banjul
PERRY,SWAFFORD,PERRY.SWAFFORD@sakilacustomer.org,1,2006-02-14 22:04:37,1,773 Dallas Manor,Quilmes
KIRK,STCLAIR,KIRK.STCLAIR@sakilacustomer.org,1,2006-02-14 22:04:37,1,1923 Stara Zagora Lane,Tsaotun
SERGIO,STANFIELD,SERGIO.STANFIELD@sakilacustomer.org,1,2006-02-14 22:04:37,1,1402 Zanzibar Boulevard,Celaya
MARION,OCAMPO,MARION.OCAMPO@sakilacustomer.org,1,2006-02-14 22:04:37,1,1464 Kursk Parkway,Weifang
TRACY,HERRMANN,TRACY.HERRMANN@sakilacustomer.org,1,2006-02-14 22:04:37,1,1074 Sanaa Parkway,Loja
SETH,HANNON,SETH.HANNON@sakilacustomer.org,1,2006-02-14 22:04:37,2,1759 Niznekamsk Avenue,al-Manama
KENT,ARSENAULT,KENT.ARSENAULT@sakilacustomer.org,1,2006-02-14 22:04:37,1,32 Liaocheng Way,Juiz de Fora
TERRANCE,ROUSH,TERRANCE.ROUSH@sakilacustomer.org,0,2006-02-14 22:04:37,1,42 Fontana Avenue,Szkesfehrvr
RENE,MCALISTER,RENE.MCALISTER@sakilacustomer.org,1,2006-02-14 22:04:37,2,1895 Zhezqazghan Drive,Garden Grove
EDUARDO,HIATT,EDUARDO.HIATT@sakilacustomer.org,1,2006-02-14 22:04:37,1,1837 Kaduna Parkway,Jining
TERRENCE,GUNDERSON,TERRENCE.GUNDERSON@sakilacustomer.org,1,2006-02-14 22:04:37,1,844 Bucuresti Place,Jinzhou
ENRIQUE,FORSYTHE,ENRIQUE.FORSYTHE@sakilacustomer.org,1,2006-02-14 22:04:37,1,1101 Bucuresti Boulevard,Patras
FREDDIE,DUGGAN,FREDDIE.DUGGAN@sakilacustomer.org,1,2006-02-14 22:04:37,1,1103 Quilmes Boulevard,Sullana
WADE,DELVALLE,WADE.DELVALLE@sakilacustomer.org,1,2006-02-14 22:04:37,1,1331 Usak Boulevard,Lausanne
AUSTIN,CINTRON,AUSTIN.CINTRON@sakilacustomer.org,1,2006-02-14 22:04:37,2,1325 Fukuyama Street,Tieli
